{"_via_settings": {"ui": {"annotation_editor_height": 25, "annotation_editor_fontsize": 0.8, "leftsidebar_width": 18, "image_grid": {"img_height": 80, "rshape_fill": "none", "rshape_fill_opacity": 0.3, "rshape_stroke": "yellow", "rshape_stroke_width": 2, "show_region_shape": true, "show_image_policy": "all"}, "image": {"region_label": "__via_region_id__", "region_color": "__via_default_region_color__", "region_label_font": "10px Sans", "on_image_annotation_editor_placement": "NEAR_REGION"}}, "core": {"buffer_size": 18, "filepath": {}, "default_filepath": ""}, "project": {"name": "via_project_29Nov2021_13h39m"}}, "_via_img_metadata": {"1.jpeg45602": {"filename": "1.jpeg", "size": 45602, "regions": [{"shape_attributes": {"name": "rect", "x": 316, "y": 42, "width": 326, "height": 460}, "region_attributes": {"class": {"dog": true}}}], "file_attributes": {}}, "2.jpeg4669": {"filename": "2.jpeg", "size": 4669, "regions": [{"shape_attributes": {"name": "rect", "x": 68, "y": 26, "width": 93, "height": 115}, "region_attributes": {"class": {"dog": true}}}, {"shape_attributes": {"name": "rect", "x": 162, "y": 78, "width": 101, "height": 65}, "region_attributes": {"class": {"cat": true}}}], "file_attributes": {}}, "3.jpeg6828": {"filename": "3.jpeg", "size": 6828, "regions": [{"shape_attributes": {"name": "rect", "x": 51, "y": 1, "width": 187, "height": 147}, "region_attributes": {"class": {"dog": true}}}], "file_attributes": {}}, "4.jpeg198685": {"filename": "4.jpeg", "size": 198685, "regions": [{"shape_attributes": {"name": "rect", "x": 13, "y": 333, "width": 969, "height": 915}, "region_attributes": {"class": {"cat": true}}}], "file_attributes": {}}, "5.jpeg54509": {"filename": "5.jpeg", "size": 54509, "regions": [{"shape_attributes": {"name": "rect", "x": 11, "y": 84, "width": 770, "height": 640}, "region_attributes": {"class": {"dog": true}}}], "file_attributes": {}}, "6.jpeg60092": {"filename": "6.jpeg", "size": 60092, "regions": [{"shape_attributes": {"name": "rect", "x": 87, "y": 45, "width": 149, "height": 155}, "region_attributes": {"class": {"dog": true}}}, {"shape_attributes": {"name": "rect", "x": 241, "y": 141, "width": 102, "height": 91}, "region_attributes": {"class": {"cat": true}}}], "file_attributes": {}}, "7.jpeg394361": {"filename": "7.jpeg", "size": 394361, "regions": [{"shape_attributes": {"name": "rect", "x": 608, "y": 186, "width": 265, "height": 247}, "region_attributes": {"class": {"dog": true}}}, {"shape_attributes": {"name": "rect", "x": 451, "y": 229, "width": 196, "height": 184}, "region_attributes": {"class": {"cat": true}}}], "file_attributes": {}}}, "_via_attributes": {"region": {"class": {"type": "checkbox", "description": "", "options": {"cat": "", "dog": ""}, "default_options": {}}}, "file": {}}}